{
  "leaveRequests": [
    {
      "email": "kinkybugga@gmail.com",
      "id": 1568852053239,
      "typeOfLeave": "Sick Leave",
      "from": "2019-09-22",
      "to": "2019-09-30",
      "status": "Rejected"
    },
    {
      "email": "kinkybugga@gmail.com",
      "id": 1568882239279,
      "typeOfLeave": "Annual Leave",
      "from": "2019-09-26",
      "to": "2019-09-27",
      "status": "Rejected"
    },
    {
      "email": "badorebatman@gmail.com",
      "id": 1568904490426,
      "typeOfLeave": "Annual Leave",
      "from": "2019-10-08",
      "to": "2019-10-23",
      "status": "Pending"
    },
    {
      "email": "seymourbutts@ymail.com",
      "id": 1568904562772,
      "typeOfLeave": "Sick Leave",
      "from": "2019-09-25",
      "to": "2019-12-11",
      "status": "Pending"
    },
    {
      "email": "balaclavabadmus@hotmail.com",
      "id": 1568904665234,
      "typeOfLeave": "Maternity/Paternity Leave",
      "from": "2019-09-25",
      "to": "2019-11-04",
      "status": "Pending"
    },
    {
      "email": "davidblaine@grindr.com",
      "id": 1568924136707,
      "typeOfLeave": "Annual Leave",
      "from": "2019-12-06",
      "to": "2019-12-31",
      "status": "Pending"
    },
    {
      "email": "rob23@gmail.com",
      "id": 1568927002873,
      "typeOfLeave": "Annual Leave",
      "from": "2019-09-30",
      "to": "2019-11-30",
      "status": "Pending"
    }
  ],
  "users": [
    {
      "id": 1568883089351,
      "email": "oreakintobi@gmail.com",
      "password": "tingting",
      "isAdmin": true
    },
    {
      "id": 1,
      "email": "rob23@gmail.com",
      "password": "robschwartz4life",
      "isAdmin": false
    },
    {
      "id": 1568881197903,
      "email": "kinkybugga@gmail.com",
      "password": "bigman",
      "isAdmin": false
    },
    {
      "id": 1568904467841,
      "email": "badorebatman@gmail.com",
      "password": "filament",
      "isAdmin": false
    },
    {
      "id": 1568904543420,
      "email": "seymourbutts@ymail.com",
      "password": "gulliver.com",
      "isAdmin": false
    },
    {
      "id": 1568904631482,
      "email": "balaclavabadmus@hotmail.com",
      "password": "balaclavaman",
      "isAdmin": false
    },
    {
      "id": 1568924108570,
      "email": "davidblaine@grindr.com",
      "password": "seymourbotts",
      "isAdmin": false
    }
  ]
}